[{"assetType":"Policy","assetObject":{"name":"Policy For API Order[1.0]","id":"d6b0d64b-aae5-45f1-8078-2607c524e113","status":"Success","explanation":"OK"}},{"assetType":"PolicyAction","assetObject":{"name":"Policy Action [Enable HTTP / HTTPS] -> Policy For API Order[1.0]","id":"f01941a9-8a79-49bc-b2e7-ff55d1d860e3","status":"Success","explanation":"OK"}},{"assetType":"PolicyAction","assetObject":{"name":"Policy Action [Straight Through Routing] -> Policy For API Order[1.0]","id":"ece30d2a-c26e-4933-bc0f-e78a8f145c39","status":"Success","explanation":"OK"}},{"assetType":"API","assetObject":{"name":"Order[1.0]","id":"c4a73e2e-922b-4624-86f4-7ce7ed10973d","status":"Success","explanation":"OK"}}]